event_id,announcer,peer,link_type,announcer_call_start,announcer_call_end,call_end_status,peer_report_datetime,date_status,status_as_of,source,signal_available_at,entry_rule,exit_rule,window_trading_days,needs_reverify,tags,notes
TSM-LRCX-2026Q3,TSM,LRCX,supplier,2026-10-15T06:00:00Z,2026-10-15T07:30:00Z,estimated,2026-10-21T21:00:00Z,confirmed,2026-10-07T00:00:00Z,user_provided_2026-10-07,2026-10-15T09:30:00Z,first_open_after_signal__enter_at_close,close_before_peer_report,4,True,confounder:ASML@2026-10-14,TSMC call 02:00 ET (14:00 Taipei). Peer time is the call start; release is likely earlier.
TXN-NXPI-2026Q3,TXN,NXPI,industry_peer,2026-10-21T20:30:00Z,2026-10-21T21:30:00Z,estimated,2026-10-27T20:30:00Z,estimated,2026-10-07T00:00:00Z,,2026-10-21T23:30:00Z,first_open_after_signal__enter_at_close,close_before_peer_report,3,True,,"~Oct 27 after close, unconfirmed; another calendar says Nov 2."
TXN-STM-2026Q3,TXN,STM,industry_peer,2026-10-21T20:30:00Z,2026-10-21T21:30:00Z,estimated,2026-10-29T08:30:00Z,confirmed,2026-10-07T00:00:00Z,user_provided_2026-10-07,2026-10-21T23:30:00Z,first_open_after_signal__enter_at_close,close_before_peer_report,4,True,,Call 4:30 am ET before the European open; release likely earlier.
TXN-ON-2026Q3,TXN,ON,industry_peer,2026-10-21T20:30:00Z,2026-10-21T21:30:00Z,estimated,2026-11-02T12:00:00Z,estimated,2026-10-07T00:00:00Z,,2026-10-21T23:30:00Z,first_open_after_signal__enter_at_close,close_before_peer_report,6,True,,"~Nov 2 before the open (user-confirmed BMO), date unconfirmed; 07:00 ET is a placeholder."
TXN-MCHP-2026Q3,TXN,MCHP,industry_peer,2026-10-21T20:30:00Z,2026-10-21T21:30:00Z,estimated,2026-11-04T21:30:00Z,estimated,2026-10-07T00:00:00Z,,2026-10-21T23:30:00Z,first_open_after_signal__enter_at_close,close_before_peer_report,9,True,,"Nov 4 or 5 after close, unconfirmed; earlier date used."
TSMC_KLA_2025Q3,TSM,KLAC,supplier,2025-10-16T06:00:00Z,2025-10-16T07:30:00Z,estimated,2025-10-29T20:05:00Z,confirmed,2025-10-03T19:50:00Z,KLA IR press release list (4:05 pm EDT): https://ir.kla.com/news-events/press-releases?page=2 | announced: https://ir.kla.com/news-events/press-releases/detail/504/kla-announces-first-quarter-fiscal-year-2026-earnings-date,2025-10-16T09:30:00Z,first_open_after_signal__enter_at_close,close_before_peer_report,9,False,,status=historical
TSMC_KLA_2025Q4,TSM,KLAC,supplier,2026-01-15T06:00:00Z,2026-01-15T07:30:00Z,estimated,2026-01-29T21:05:00Z,confirmed,2026-01-08T10:00:00Z,KLA IR press release list (4:05 pm EST): https://ir.kla.com/news-events/press-releases?page=2 | announced: https://ir.kla.com/news-events/press-releases/detail/508/kla-announces-second-quarter-fiscal-year-2026-earnings-date,2026-01-15T09:30:00Z,first_open_after_signal__enter_at_close,close_before_peer_report,9,False,,NYSE closed Mon 2026-01-19 (MLK Day); excluded from trading-day count. ET offset is -05:00 (EST) so the call starts 01:00 ET. status=historical
TSMC_KLA_2026Q1,TSM,KLAC,supplier,2026-04-16T06:00:00Z,2026-04-16T07:30:00Z,estimated,2026-04-29T20:05:00Z,confirmed,2026-03-31T15:00:00Z,KLA IR press release list (4:05 pm EDT): https://ir.kla.com/news-events/press-releases?page=1 | announced: https://ir.kla.com/news-events/press-releases/detail/513/kla-announces-third-quarter-fiscal-year-2026-earnings-date,2026-04-16T09:30:00Z,first_open_after_signal__enter_at_close,close_before_peer_report,9,False,,status=historical
TSMC_KLA_2026Q2,TSM,KLAC,supplier,2026-07-16T06:00:00Z,2026-07-16T07:30:00Z,confirmed,2026-07-28T20:05:00Z,confirmed,2026-07-01T16:00:00Z,KLA IR press release list (4:05 pm EDT): https://ir.kla.com/news-events/press-releases?page=1 | announced: https://ir.kla.com/news-events/press-releases/detail/517/kla-announces-fourth-quarter-fiscal-year-2026-earnings-date,2026-07-16T09:30:00Z,first_open_after_signal__enter_at_close,close_before_peer_report,8,False,stock_split_adjust,"KLA completed a 10-for-1 stock split effective 2026-06-11: adjust KLA prices, strikes and option chains for this and later events. status=historical"
TSMC_KLA_2026Q3_LIVE,TSM,KLAC,supplier,2026-10-15T06:00:00Z,2026-10-15T07:30:00Z,confirmed,2026-10-28T20:05:00Z,confirmed,2026-10-01T13:00:00Z,KLA IR press release (date and 2 pm PT call confirmed; 4:05 pm ET release time is assumed from the prior four quarters): https://ir.kla.com/news-events/press-releases/detail/522/kla-announces-first-quarter-fiscal-year-2027-earnings-date | announced: https://ir.kla.com/news-events/press-releases/detail/522/kla-announces-first-quarter-fiscal-year-2027-earnings-date,2026-10-15T09:30:00Z,first_open_after_signal__enter_at_close,close_before_peer_report,9,True,peer_release_time_assumed;confounder:ASML@2026-10-14;confounder:LRCX_call@2026-10-21,Report date is Oct 28 per KLA's own Oct 1 release (earlier third-party calendars said Oct 29). Window includes Lam Research's call on 2026-10-21. status=upcoming
